Product Title,Product Price
No Title,No Price
No Title,No Price
No Title,No Price
No Title,No Price
No Title,No Price
No Title,No Price
No Title,No Price
No Title,No Price
No Title,صفحة 1 من 1
No Title,صفحة 1 من 1
No Title,No Price
No Title,صفحة 1 من 1
No Title,No Price
No Title,No Price
No Title,صفحة 1 من 1
No Title,صفحة 1 من 1
No Title,No Price
No Title,صفحة 1 من 1
No Title,صفحة 1 من 1
No Title,No Price
No Title,No Price
No Title,No Price
No Title,No Price
No Title,No Price
No Title,No Price
No Title,صفحة 1 من 1
No Title,No Price
